300,James Anderson,j.anderson.24@dartmouth.edu,2024,m,m
301,Robert Brown,r.brown.23@dartmouth.edu,2023,m,m
302,John Clark,j.clark.25@dartmouth.edu,2025,m,m
303,William Davis,w.davis.26@dartmouth.edu,2026,m,m
304,Charles Evans,c.evans.22@dartmouth.edu,2022,m,m
305,David Foster,d.foster.24@dartmouth.edu,2024,m,m
306,Richard Green,r.green.23@dartmouth.edu,2023,m,m
307,Joseph Harris,j.harris.25@dartmouth.edu,2025,m,m
308,Thomas Johnson,t.johnson.26@dartmouth.edu,2026,m,m
309,Christopher King,c.king.22@dartmouth.edu,2022,m,m
310,Daniel Lee,d.lee.24@dartmouth.edu,2024,m,m
311,Matthew Moore,m.moore.23@dartmouth.edu,2023,m,m
312,Anthony Nelson,a.nelson.25@dartmouth.edu,2025,m,m
313,Mark Owens,m.owens.26@dartmouth.edu,2026,m,m
314,Paul Parker,p.parker.22@dartmouth.edu,2022,m,m
315,Steven Quinn,s.quinn.24@dartmouth.edu,2024,m,m
316,Kevin Roberts,k.roberts.23@dartmouth.edu,2023,m,m
317,Edward Scott,e.scott.25@dartmouth.edu,2025,m,m
318,George Turner,g.turner.26@dartmouth.edu,2026,m,m
319,Kenneth Wilson,k.wilson.22@dartmouth.edu,2022,m,m
320,Brian Young,b.young.24@dartmouth.edu,2024,m,m
321,Ronald Adams,r.adams.23@dartmouth.edu,2023,m,m
322,Jason Baker,j.baker.25@dartmouth.edu,2025,m,m
323,Jeffrey Campbell,j.campbell.26@dartmouth.edu,2026,m,m
324,Ryan Davis,r.davis.22@dartmouth.edu,2022,m,m
325,Jacob Evans,j.evans.24@dartmouth.edu,2024,m,m
326,Eric Foster,e.foster.23@dartmouth.edu,2023,m,m
327,Nicholas Green,n.green.25@dartmouth.edu,2025,m,m
328,Gary Harris,g.harris.26@dartmouth.edu,2026,m,m
329,Stephen Johnson,s.johnson.22@dartmouth.edu,2022,m,m
330,Frank King,f.king.24@dartmouth.edu,2024,m,m
331,Scott Lee,s.lee.23@dartmouth.edu,2023,m,m
332,Brandon Moore,b.moore.25@dartmouth.edu,2025,m,m
333,Samuel Nelson,s.nelson.26@dartmouth.edu,2026,m,m
334,Benjamin Owens,b.owens.22@dartmouth.edu,2022,m,m
335,Gregory Parker,g.parker.24@dartmouth.edu,2024,m,m
336,Alexander Quinn,a.quinn.23@dartmouth.edu,2023,m,m
337,Justin Roberts,j.roberts.25@dartmouth.edu,2025,m,m
338,Patrick Scott,p.scott.26@dartmouth.edu,2026,m,m
339,Jack Turner,j.turner.22@dartmouth.edu,2022,m,m
340,Dennis Wilson,d.wilson.24@dartmouth.edu,2024,m,m
341,Raymond Young,r.young.23@dartmouth.edu,2023,m,m
342,Timothy Adams,t.adams.25@dartmouth.edu,2025,m,m
343,Lawrence Baker,l.baker.26@dartmouth.edu,2026,m,m
344,Jose Campbell,j.campbell.22@dartmouth.edu,2022,m,m
345,Adam Davis,a.davis.24@dartmouth.edu,2024,m,m
346,Harold Evans,h.evans.23@dartmouth.edu,2023,m,m
347,Douglas Foster,d.foster.25@dartmouth.edu,2025,m,m
348,Peter Green,p.green.26@dartmouth.edu,2026,m,m
349,Henry Harris,h.harris.22@dartmouth.edu,2022,m,m
350,Walter Johnson,w.johnson.24@dartmouth.edu,2024,m,m